source,source_well,destination,destination_well,volume
media,1,dest,1,0
media,1,dest,13,0
media,1,dest,25,0
media,1,dest,37,0
media,1,dest,49,0
media,1,dest,61,0
media,1,dest,73,0
media,1,dest,85,0
media,1,dest,2,24
media,1,dest,14,24
media,1,dest,26,24
media,1,dest,38,24
media,1,dest,50,24
media,1,dest,62,24
media,1,dest,74,24
media,1,dest,86,24
media,1,dest,3,48
media,1,dest,15,48
media,1,dest,27,48
media,1,dest,39,48
media,1,dest,51,48
media,1,dest,63,48
media,1,dest,75,48
media,1,dest,87,48
media,1,dest,4,72
media,1,dest,16,72
media,1,dest,28,72
media,1,dest,40,72
media,1,dest,52,72
media,1,dest,64,72
media,1,dest,76,72
media,1,dest,88,72
media,1,dest,5,96
media,1,dest,17,96
media,1,dest,29,96
media,1,dest,41,96
media,1,dest,53,96
media,1,dest,65,96
media,1,dest,77,96
media,1,dest,89,96
media,1,dest,6,120
media,1,dest,18,120
media,1,dest,30,120
media,1,dest,42,120
media,1,dest,54,120
media,1,dest,66,120
media,1,dest,78,120
media,1,dest,90,120
media,1,dest,7,0
media,1,dest,19,0
media,1,dest,31,0
media,1,dest,43,0
media,1,dest,55,0
media,1,dest,67,0
media,1,dest,79,0
media,1,dest,91,0
media,1,dest,8,24
media,1,dest,20,24
media,1,dest,32,24
media,1,dest,44,24
media,1,dest,56,24
media,1,dest,68,24
media,1,dest,80,24
media,1,dest,92,24
media,1,dest,9,48
media,1,dest,21,48
media,1,dest,33,48
media,1,dest,45,48
media,1,dest,57,48
media,1,dest,69,48
media,1,dest,81,48
media,1,dest,93,48
media,1,dest,10,72
media,1,dest,22,72
media,1,dest,34,72
media,1,dest,46,72
media,1,dest,58,72
media,1,dest,70,72
media,1,dest,82,72
media,1,dest,94,72
media,1,dest,11,96
media,1,dest,23,96
media,1,dest,35,96
media,1,dest,47,96
media,1,dest,59,96
media,1,dest,71,96
media,1,dest,83,96
media,1,dest,95,96
media,1,dest,12,120
media,1,dest,24,120
media,1,dest,36,120
media,1,dest,48,120
media,1,dest,60,120
media,1,dest,72,120
media,1,dest,84,120
media,1,dest,96,120
media,2,dest,1,120
media,2,dest,13,120
media,2,dest,25,120
media,2,dest,37,120
media,2,dest,49,120
media,2,dest,61,120
media,2,dest,73,120
media,2,dest,85,120
media,2,dest,2,96
media,2,dest,14,96
media,2,dest,26,96
media,2,dest,38,96
media,2,dest,50,96
media,2,dest,62,96
media,2,dest,74,96
media,2,dest,86,96
media,2,dest,3,72
media,2,dest,15,72
media,2,dest,27,72
media,2,dest,39,72
media,2,dest,51,72
media,2,dest,63,72
media,2,dest,75,72
media,2,dest,87,72
media,2,dest,4,48
media,2,dest,16,48
media,2,dest,28,48
media,2,dest,40,48
media,2,dest,52,48
media,2,dest,64,48
media,2,dest,76,48
media,2,dest,88,48
media,2,dest,5,24
media,2,dest,17,24
media,2,dest,29,24
media,2,dest,41,24
media,2,dest,53,24
media,2,dest,65,24
media,2,dest,77,24
media,2,dest,89,24
media,2,dest,6,0
media,2,dest,18,0
media,2,dest,30,0
media,2,dest,42,0
media,2,dest,54,0
media,2,dest,66,0
media,2,dest,78,0
media,2,dest,90,0
media,2,dest,7,120
media,2,dest,19,120
media,2,dest,31,120
media,2,dest,43,120
media,2,dest,55,120
media,2,dest,67,120
media,2,dest,79,120
media,2,dest,91,120
media,2,dest,8,96
media,2,dest,20,96
media,2,dest,32,96
media,2,dest,44,96
media,2,dest,56,96
media,2,dest,68,96
media,2,dest,80,96
media,2,dest,92,96
media,2,dest,9,72
media,2,dest,21,72
media,2,dest,33,72
media,2,dest,45,72
media,2,dest,57,72
media,2,dest,69,72
media,2,dest,81,72
media,2,dest,93,72
media,2,dest,10,48
media,2,dest,22,48
media,2,dest,34,48
media,2,dest,46,48
media,2,dest,58,48
media,2,dest,70,48
media,2,dest,82,48
media,2,dest,94,48
media,2,dest,11,24
media,2,dest,23,24
media,2,dest,35,24
media,2,dest,47,24
media,2,dest,59,24
media,2,dest,71,24
media,2,dest,83,24
media,2,dest,95,24
media,2,dest,12,0
media,2,dest,24,0
media,2,dest,36,0
media,2,dest,48,0
media,2,dest,60,0
media,2,dest,72,0
media,2,dest,84,0
media,2,dest,96,0
media,3,dest,1,0
media,3,dest,13,20
media,3,dest,25,40
media,3,dest,37,60
media,3,dest,49,0
media,3,dest,61,20
media,3,dest,73,40
media,3,dest,85,60
media,3,dest,2,0
media,3,dest,14,20
media,3,dest,26,40
media,3,dest,38,60
media,3,dest,50,0
media,3,dest,62,20
media,3,dest,74,40
media,3,dest,86,60
media,3,dest,3,0
media,3,dest,15,20
media,3,dest,27,40
media,3,dest,39,60
media,3,dest,51,0
media,3,dest,63,20
media,3,dest,75,40
media,3,dest,87,60
media,3,dest,4,0
media,3,dest,16,20
media,3,dest,28,40
media,3,dest,40,60
media,3,dest,52,0
media,3,dest,64,20
media,3,dest,76,40
media,3,dest,88,60
media,3,dest,5,0
media,3,dest,17,20
media,3,dest,29,40
media,3,dest,41,60
media,3,dest,53,0
media,3,dest,65,20
media,3,dest,77,40
media,3,dest,89,60
media,3,dest,6,0
media,3,dest,18,20
media,3,dest,30,40
media,3,dest,42,60
media,3,dest,54,0
media,3,dest,66,20
media,3,dest,78,40
media,3,dest,90,60
media,3,dest,7,0
media,3,dest,19,20
media,3,dest,31,40
media,3,dest,43,60
media,3,dest,55,0
media,3,dest,67,20
media,3,dest,79,40
media,3,dest,91,60
media,3,dest,8,0
media,3,dest,20,20
media,3,dest,32,40
media,3,dest,44,60
media,3,dest,56,0
media,3,dest,68,20
media,3,dest,80,40
media,3,dest,92,60
media,3,dest,9,0
media,3,dest,21,20
media,3,dest,33,40
media,3,dest,45,60
media,3,dest,57,0
media,3,dest,69,20
media,3,dest,81,40
media,3,dest,93,60
media,3,dest,10,0
media,3,dest,22,20
media,3,dest,34,40
media,3,dest,46,60
media,3,dest,58,0
media,3,dest,70,20
media,3,dest,82,40
media,3,dest,94,60
media,3,dest,11,0
media,3,dest,23,20
media,3,dest,35,40
media,3,dest,47,60
media,3,dest,59,0
media,3,dest,71,20
media,3,dest,83,40
media,3,dest,95,60
media,3,dest,12,0
media,3,dest,24,20
media,3,dest,36,40
media,3,dest,48,60
media,3,dest,60,0
media,3,dest,72,20
media,3,dest,84,40
media,3,dest,96,60
media,4,dest,1,60
media,4,dest,13,40
media,4,dest,25,20
media,4,dest,37,0
media,4,dest,49,60
media,4,dest,61,40
media,4,dest,73,20
media,4,dest,85,0
media,4,dest,2,60
media,4,dest,14,40
media,4,dest,26,20
media,4,dest,38,0
media,4,dest,50,60
media,4,dest,62,40
media,4,dest,74,20
media,4,dest,86,0
media,4,dest,3,60
media,4,dest,15,40
media,4,dest,27,20
media,4,dest,39,0
media,4,dest,51,60
media,4,dest,63,40
media,4,dest,75,20
media,4,dest,87,0
media,4,dest,4,60
media,4,dest,16,40
media,4,dest,28,20
media,4,dest,40,0
media,4,dest,52,60
media,4,dest,64,40
media,4,dest,76,20
media,4,dest,88,0
media,4,dest,5,60
media,4,dest,17,40
media,4,dest,29,20
media,4,dest,41,0
media,4,dest,53,60
media,4,dest,65,40
media,4,dest,77,20
media,4,dest,89,0
media,4,dest,6,60
media,4,dest,18,40
media,4,dest,30,20
media,4,dest,42,0
media,4,dest,54,60
media,4,dest,66,40
media,4,dest,78,20
media,4,dest,90,0
media,4,dest,7,60
media,4,dest,19,40
media,4,dest,31,20
media,4,dest,43,0
media,4,dest,55,60
media,4,dest,67,40
media,4,dest,79,20
media,4,dest,91,0
media,4,dest,8,60
media,4,dest,20,40
media,4,dest,32,20
media,4,dest,44,0
media,4,dest,56,60
media,4,dest,68,40
media,4,dest,80,20
media,4,dest,92,0
media,4,dest,9,60
media,4,dest,21,40
media,4,dest,33,20
media,4,dest,45,0
media,4,dest,57,60
media,4,dest,69,40
media,4,dest,81,20
media,4,dest,93,0
media,4,dest,10,60
media,4,dest,22,40
media,4,dest,34,20
media,4,dest,46,0
media,4,dest,58,60
media,4,dest,70,40
media,4,dest,82,20
media,4,dest,94,0
media,4,dest,11,60
media,4,dest,23,40
media,4,dest,35,20
media,4,dest,47,0
media,4,dest,59,60
media,4,dest,71,40
media,4,dest,83,20
media,4,dest,95,0
media,4,dest,12,60
media,4,dest,24,40
media,4,dest,36,20
media,4,dest,48,0
media,4,dest,60,60
media,4,dest,72,40
media,4,dest,84,20
media,4,dest,96,0
